type,Lane Keeping,Object Detection,Taffic Light Classificance,Taffic Sign Classificance
relu,0.414258,229.915314,143.803878,5.987405
Add,0.183735,46.529155,11.626064,3.297132
convolve,4.108518,91.489726,354.249225,3.320143
pool,0.037995,9.625075,7.8736,1.515629
norm,0,6.775942,0,0
memory,0,14.428268,0,0
multiply,0.146964,0,139.999757,2.873794
